Claim ID,Claimant Name,Claimant Address,Claimant Phone,Claimant Email,Policy Number,Policy Type,Policyholder Name,Policyholder Contact,Date of Loss,Location of Loss,Description of Loss,Claim Amount,Police Report,Medical Records,Photographs or Evidence,Witness Information,Adjuster Notes,Claim Status,Payment Information,Inconsistencies,Previous Claims,Suspicious Behavior,Patterns of Fraud,Investigation Results,Claim Outcome,Investigation Outcome,Additional Comments
5747,Shayak D’Alia,"H.No. 54, Bedi Ganj, Maheshtala-814904",9032800225,dugarneelofar@example.com,56444,Home,Eshani Basak,4264104392,1959-11-11,Belgaum,Illum error perspiciatis. Qui quis temporibus impedit saepe. Omnis saepe modi tempora tempora praesentium illum.,3658.44,,Dolorum illum temporibus possimus aspernatur nulla. Ut fugiat quidem occaecati. Nihil vero aliquid eum assumenda accusantium. Fuga rerum porro neque necessitatibus.,,Badal Wali,"Odio sit expedita fugiat corporis rerum quae. Eaque accusamus aperiam. Nobis nisi dolorum vel excepturi a autem.
Architecto quaerat amet totam aliquam suscipit. Provident vero delectus natus unde.",Approved,,Yes,3 or more,Yes,No,,Approved,No Fraud Detected,Itaque repellat necessitatibus itaque asperiores. Aliquam optio ut expedita. Vel in veniam nobis culpa expedita minima culpa.
6718,Purab Wagle,"50/53, Wali Street, Narasaraopet 523711",7591284898,zoya90@example.net,23902,Health,Tarini Kade,+917296756890,1990-07-17,Moradabad,"Occaecati veniam dolorum placeat. Perferendis reprehenderit quia in velit cupiditate.
Blanditiis et occaecati accusantium. Velit earum vero harum quas quae architecto.",17479.39,,"Neque nobis sapiente ratione quidem reiciendis voluptatibus. Corporis blanditiis ad nam. Maxime tempora repellendus ex voluptates nam.
Quibusdam nostrum laboriosam similique natus repellat culpa.",,Ranbir Kata,Distinctio laboriosam dicta neque suscipit ex animi atque. Quos at eos nostrum. Nam ipsam animi accusamus facere fugit. Ea voluptates distinctio illum.,Denied,,,None,Yes,Yes,,Denied,,"Similique pariatur sint quas. Ab ab suscipit maxime. Rem saepe odio quidem.
Libero laborum corrupti a blanditiis adipisci perferendis. Soluta pariatur amet non veritatis rem veritatis officia."
2234,Prisha Malhotra,"13/24, Tata Ganj, Deoghar 058864",2558949077,samarsrinivasan@example.org,40481,Home,Arnav Ramesh,6670728569,1996-11-01,Gopalpur,Possimus deleniti enim natus. Veritatis quasi reprehenderit voluptatibus quos laudantium suscipit. Recusandae porro reiciendis incidunt asperiores inventore optio.,49378.78,,,https://www.warrior-luthra.com/,Taran Walia,Beatae nemo architecto quod accusamus ducimus. Ullam maiores nobis nesciunt nam laudantium exercitationem. Fugiat laborum reprehenderit architecto ipsa tempora.,Under Investigation,29588.35,Yes,1,Yes,,,Approved,Fraud Detected,"Praesentium et magnam expedita nihil consequatur excepturi. Minima modi fugiat iste.
Ea culpa quaerat culpa enim ea. Aliquam aliquid dolorum consectetur ullam unde sed."
7146,Advika Khare,"H.No. 955, Gandhi Chowk, Ahmednagar-984626",8350079540,mannat54@example.org,48057,Auto,Prerak Ramesh,7111889065,1967-10-12,Darbhanga,"Labore aperiam enim amet quo consectetur. Eius nesciunt culpa aperiam et.
Incidunt eaque unde nesciunt natus id. Illo aspernatur ad quaerat. Libero rem iure sed reiciendis quam voluptatibus.",7635.64,,,http://de.org/,Navya Lad,Dignissimos dolorem quos quia repellat suscipit. Tempore harum reprehenderit aliquid repellat sint at vero.,Denied,17128.7,,3 or more,,No,,Approved,Fraud Detected,"Iure laboriosam autem iusto temporibus.
Quis ad soluta nisi. Earum totam voluptatibus accusantium non.
Repellendus consectetur ex dolorum quos sint laboriosam. Necessitatibus vel cum magnam."
5805,Ehsaan Shukla,"18/03, Bansal Street, Solapur 370546",8157882619,manjarisaini@example.com,11037,Health,Samarth Thakur,6702734328,1975-08-11,Rajahmundry,Aut cupiditate rerum laborum aut temporibus temporibus. Nihil harum culpa ad illo optio cumque.,36047.59,,Doloribus necessitatibus architecto ratione quia. Architecto porro perferendis delectus quo. Culpa suscipit quisquam eaque iure at.,,Diya De,Ratione harum qui voluptates soluta qui occaecati. Beatae facilis itaque facere sit aliquid occaecati. Ipsum quibusdam repellendus possimus quam tempore.,Under Investigation,,,1,,Yes,,Denied,Fraud Detected,Iste culpa error quae harum odit excepturi. Non non ratione repudiandae odio voluptas ut.
8309,Dhanuk Bassi,"89, Ramachandran Ganj, Bettiah 889106",9996214962,kmahal@example.org,21450,Health,Saanvi Tiwari,501693379,1989-06-03,Pune,Voluptatem consectetur necessitatibus suscipit aliquam. Sequi aspernatur tempore ullam ullam.,14743.24,,,,Seher Batra,Possimus iusto voluptatibus sint nobis tempore asperiores. Eveniet ad ipsum eius.,Denied,11882.67,No,2,Yes,Yes,"Laborum odit explicabo illo error nemo nisi. Iste magni corporis. Culpa voluptatem animi minima.
Perspiciatis facilis voluptates a nulla excepturi. Nisi omnis repudiandae.",Approved,Fraud Detected,Consequatur quo quam dicta magni. Autem consectetur ut unde nisi eligendi sint sunt. Iure in eos consequuntur tempore ea.
5923,Shayak Das,"30, Madan Nagar, Kolkata 076367",4502418922,ritviksaran@example.net,58754,Auto,Anya Sachdeva,150548312,1984-01-14,Bilaspur,Provident soluta assumenda commodi nihil ex. Suscipit ad animi aliquam quia. Eius unde laborum voluptas doloribus quo eveniet fugiat.,1770.1,3109,Nostrum maxime debitis aliquid. Animi distinctio vel nesciunt nulla reprehenderit.,http://www.sha.net/,Miraya Chaudhary,"Ut commodi sequi voluptas. Nam sint iste asperiores.
Alias sequi excepturi delectus. Inventore mollitia minus quidem.
Recusandae hic alias ex. Vitae blanditiis reiciendis veniam vitae voluptatem.",Denied,26236.8,,2,Yes,No,,Approved,,Non distinctio omnis alias ullam corporis. Error beatae error eveniet at provident blanditiis consectetur. Sapiente velit consequatur perspiciatis.
3032,Jiya Soman,"725, Kala Circle, Nagercoil-017849",+911629216198,zoya48@example.com,77887,Home,Rasha Arya,7870853666,1997-09-21,Malda,"Quae laborum voluptatibus iste temporibus repellat. Non assumenda corrupti. Optio nam optio laboriosam.
Quia laudantium aperiam. Minima in architecto. Occaecati officia cum nobis nobis.",15147.61,,"Neque quo aspernatur laboriosam vero magnam.
Quaerat repellendus delectus eligendi eos. Tenetur cumque dignissimos commodi deserunt explicabo consequatur nulla.",http://johal-doshi.com/,Anvi Madan,"Id fugiat exercitationem sapiente optio molestiae.
Labore cupiditate ipsam et doloremque. Deleniti et qui. Ut vel quidem numquam.",Denied,26505.46,No,1,No,,,Denied,Fraud Detected,"Amet minima eveniet beatae. Quibusdam a sit iusto autem facere voluptate.
Sed veniam accusantium exercitationem. Praesentium dignissimos cupiditate eveniet blanditiis. Possimus nemo ad quam ipsam."
2040,Aniruddh Boase,"506, Mandal Chowk, Tirunelveli-718005",2710877850,umang30@example.com,81455,Auto,Heer Bansal,8272998231,1965-08-04,Ajmer,Reiciendis illo hic distinctio atque nulla. Velit at id itaque optio.,41232.01,,Dolore suscipit esse consequuntur nam. Dolore illum quidem neque in distinctio magni.,http://sura.biz/,Baiju Kale,Incidunt mollitia blanditiis ab tempora. Esse natus labore libero vitae molestiae deserunt. Similique laborum architecto corporis sunt dolor.,Under Investigation,6798.78,,2,No,No,,Approved,No Fraud Detected,"Nihil dolorem praesentium expedita dolor nostrum sapiente suscipit. Nam atque sint enim.
Esse mollitia at mollitia. Odit reiciendis distinctio molestias modi. Delectus numquam cum praesentium."
4669,Kismat Sibal,"241, Shankar Chowk, Patiala 637296",8965086497,fmallick@example.com,88125,Home,Fateh Lal,9688931763,1976-02-13,Navi Mumbai,"Voluptatibus voluptatem vel voluptate hic. Tenetur provident ducimus cum.
Temporibus maxime et labore aliquid expedita. Placeat tenetur expedita optio.",38210.77,,,,Saksham Chadha,Iste odit vero consequuntur inventore laudantium. Cumque voluptatem nesciunt accusantium autem. Numquam unde ad natus et mollitia quos rerum.,Approved,36719.6,Yes,2,Yes,,"Illo est nulla nemo pariatur. Rem possimus quaerat ex sed voluptas autem. Sit quibusdam a aspernatur quae.
Dolores deleniti qui commodi unde. Ut similique quisquam consequatur sit aspernatur ipsam.",Denied,No Fraud Detected,"Exercitationem voluptatum repudiandae aliquid ea sunt. Deserunt beatae facilis porro architecto. Molestias ipsum id ipsa accusantium.
Aspernatur numquam error reiciendis. Ipsum iste minima veritatis."
6709,Eva Rajagopal,"394, Bhandari Circle, Ongole 680642",+916019445517,ratikala@example.org,97018,Auto,Onkar Lad,3554148865,1974-06-27,Bikaner,"Voluptas deleniti sit sed voluptatum libero. Asperiores nostrum quidem dignissimos quod excepturi molestiae.
Amet laborum adipisci. Repudiandae nihil iusto quia.
Qui minima ut quia animi asperiores.",30735.78,8891,Sunt illo perspiciatis. Esse perferendis harum libero corrupti. Omnis non assumenda fugit similique nostrum.,,Dishani Agrawal,"Eius ipsa aperiam dolor laboriosam sit. Aliquid assumenda temporibus delectus.
Eaque quam explicabo dolorem. Ut culpa ea hic tenetur nesciunt tenetur.",Denied,31573.91,No,3 or more,Yes,No,,Under Review,,"Nostrum accusantium quod.
Aperiam ex nisi ut vitae ipsa ut. Neque voluptatem expedita laudantium dolore corrupti corporis. Quam quasi maxime necessitatibus eos esse dolore necessitatibus."
9097,Stuvan Boase,"351, Raman, Siwan 624567",3824011160,wgokhale@example.org,47652,Home,Kismat Kale,4470871731,1958-02-07,Karnal,Vitae explicabo amet eius in id. Quas ad vero repudiandae saepe. Culpa distinctio soluta maiores.,21414.97,,"Reprehenderit debitis repellat illo suscipit dolore explicabo.
Mollitia aperiam omnis doloribus. Architecto quisquam placeat blanditiis quos accusamus.",,Zara Aggarwal,"Est eveniet quia animi incidunt. Quae fugit numquam iusto quos corporis modi. Dolorem delectus exercitationem esse magnam deleniti molestias.
Blanditiis iste sed occaecati voluptas error.",Denied,,,1,,No,,Approved,,"Facilis cum quibusdam possimus ad at esse deserunt. Enim consequuntur voluptatum incidunt. Necessitatibus nesciunt iusto id tenetur at.
Voluptas earum iste nulla commodi.
Amet culpa enim magnam."
3832,Ela Sachdeva,"69/13, Varughese Chowk, Nagaon 734817",112269938,advikbhargava@example.com,60324,Health,Aayush Hora,9036959444,1989-11-06,Katni,"Natus a praesentium culpa quisquam ullam quas. Necessitatibus alias aut possimus adipisci.
Magnam natus beatae esse esse delectus. Sit eum ullam et eius amet laborum.",17072.55,5997,Ut eius vel vero quia. Dolorum autem modi quo sint. Minima modi magni minima soluta in. Omnis facere reiciendis incidunt.,https://www.chander.com/,Kiara Datta,"Eveniet culpa odit expedita maxime incidunt. Nulla atque placeat voluptatum.
Dolores modi a unde. Repellat error corporis ad asperiores optio.",Approved,39347.74,No,None,No,No,Maiores porro vitae rem.,Approved,Fraud Detected,Provident vero possimus unde. Ipsam occaecati expedita voluptatibus. Ducimus non deleniti ipsam modi.
5085,Ranbir Bora,"90/42, Shanker Zila, Jorhat 926479",1622278059,hkalla@example.org,60001,Home,Aayush Cheema,5034156310,1993-01-02,Salem,Doloremque atque maiores praesentium similique eveniet. Labore ad nam dolores voluptatum dolorem similique recusandae. Minus laborum ut animi.,35554.94,,,,Kartik Ghose,Nihil atque error ad. Rem explicabo velit aliquam veniam. Reiciendis distinctio itaque perferendis soluta.,Denied,15961.57,Yes,3 or more,No,No,"Alias quod eos omnis reprehenderit corrupti quasi illo. Exercitationem animi veritatis enim autem.
Iste sequi quo enim. Dicta esse maiores debitis reiciendis illo deleniti.",Denied,,"Alias porro optio consequuntur sit.
Laudantium quo nobis quod voluptatem sit voluptatibus. Voluptas ipsam magnam dolores ipsum. Dolorum possimus aliquam explicabo laboriosam ratione voluptatum."
5896,Jivika Chaudhuri,"796, Baral Chowk, Bhind-532099",3546525129,rohandeo@example.com,13753,Home,Suhana Batta,80966898,1974-11-26,Kamarhati,Ut possimus nihil provident. Non nihil in nisi accusamus quasi. Consequuntur distinctio a exercitationem.,10378.09,2953,Similique vero eaque quasi nihil odit sit. Iure odit aperiam consectetur. Ducimus pariatur rerum saepe quam laborum.,http://goyal.com/,Farhan Madan,Mollitia dolore debitis nulla ullam consequuntur quam. Minus exercitationem sunt consequuntur debitis nihil ad.,Denied,20765.1,Yes,None,,No,,Approved,No Fraud Detected,Voluptatum id aliquid ex reprehenderit. Rem labore id autem aliquam aliquam quisquam. Neque ipsa rerum ullam. Quisquam dolores excepturi natus tenetur sed.
9607,Saksham Vig,"H.No. 49, Raja Ganj, Adoni-888116",6026101820,sarakunda@example.net,33893,Health,Drishya Edwin,3859785830,1985-03-11,Nashik,Voluptas doloremque tempora nemo incidunt exercitationem occaecati distinctio. Iusto sapiente vero quam impedit atque earum. Aspernatur asperiores minima natus at ullam delectus asperiores.,27394.44,4603,,,Ivana Lad,"Enim sit eveniet ipsa illum aperiam porro.
Occaecati dolores accusantium voluptatum omnis pariatur. Aspernatur magnam neque nobis. Possimus nostrum ad sequi sapiente repudiandae.",Approved,,No,None,No,No,,Approved,,Tenetur ipsa eum quibusdam in dolorem id. Dignissimos consectetur quibusdam error fugit natus.
5262,Pari Bail,"99/179, Dube Chowk, Noida 422352",+916601552800,pgaba@example.net,20409,Auto,Parinaaz Hans,6788736439,1968-11-21,Raebareli,Beatae voluptas unde deserunt nulla a porro architecto. Dicta tempore modi assumenda eveniet numquam nisi esse.,32423.64,,,https://www.kala.com/,Rhea Tank,Dolores distinctio necessitatibus provident quam eaque. Ea deserunt nam ratione ratione mollitia illum. Reprehenderit nobis beatae consequuntur.,Denied,36079.09,No,3 or more,Yes,,,Approved,No Fraud Detected,Nam labore fugit tempore. Voluptas magnam dignissimos rem. Similique ut expedita quisquam excepturi iusto ea a.
9073,Bhavin Chandra,"43, Subramaniam Road, Bhiwandi-311947",8086388582,jbera@example.org,87219,Home,Baiju Shan,1994721008,1989-08-19,Agartala,Hic nobis quam itaque velit a. Porro cumque exercitationem sunt quibusdam voluptatem at. A illum mollitia nemo.,14050.17,2537,"Maxime aliquid quas facere itaque. Distinctio cupiditate explicabo.
Enim repellendus aspernatur explicabo veritatis facilis reiciendis ipsa. Dolor sunt harum earum sunt voluptatibus autem.",,Divij Yohannan,"Assumenda molestiae soluta ullam. Facere sequi facere tempore corrupti.
Praesentium et ipsam recusandae ipsa recusandae vitae. Architecto blanditiis rerum eaque blanditiis quia error.",Approved,,No,3 or more,,Yes,"Vero facilis sint expedita non. Veritatis porro nihil quidem.
Omnis quibusdam minima pariatur sequi ipsum. Voluptatem odit unde. Autem cum assumenda nam incidunt qui.",Under Review,No Fraud Detected,Neque culpa numquam facere eligendi labore. Molestiae blanditiis sunt veritatis. Neque non nihil vitae officiis.
2359,Manjari Shah,"11, Goyal, Imphal 399169",5372330789,alisha14@example.net,67451,Auto,Jivika Kamdar,2470347879,1993-04-13,Vijayawada,Accusantium officiis mollitia corrupti accusantium porro. Dolorem sapiente reprehenderit sapiente quidem dolor quaerat.,1238.41,2234,"Similique explicabo magni. Fugit praesentium doloremque sit ab.
Cum numquam deserunt magni vel. Laudantium quas illo nobis explicabo ullam.",,Ayesha Badal,Nemo et occaecati dolor fugiat sed eum. Velit perferendis tempora rerum.,Under Investigation,19555.19,,1,Yes,Yes,"Explicabo consequuntur praesentium accusamus beatae. Veritatis optio dolore eligendi.
Omnis hic eum aliquam. Ducimus voluptatibus unde quae temporibus.",Under Review,,Ea quo commodi voluptates. Exercitationem illum quidem assumenda. Omnis beatae corporis aperiam voluptates officiis.
9181,Baiju Ramachandran,"61/28, Shetty Zila, Kochi 055641",+915753963737,gandra@example.org,14924,Auto,Shanaya Koshy,+917733864674,1975-02-20,Mango,Itaque culpa dolor iure. Officiis tempora natus odit amet dignissimos. Itaque placeat officiis recusandae totam.,1872.07,,,https://www.baria-date.com/,Tara Sekhon,"Sed nihil odit optio voluptatem. Nisi culpa atque eaque suscipit.
Rerum tempore rerum rem optio. Perspiciatis minus velit eligendi laboriosam. Assumenda molestias sint aperiam atque maiores minima.",Under Investigation,37414.37,No,None,Yes,,,Denied,,"Quae suscipit commodi aut recusandae. Cumque dolores atque quae iste nemo officia.
Enim est fugit ad."
6428,Darshit Varty,"604, Gola Nagar, Hindupur 416025",1431839035,nirvi72@example.com,96736,Home,Nitara Iyengar,+914207711311,1977-07-29,Jalgaon,"Accusamus deleniti officiis adipisci. Sapiente voluptas illo ad.
Distinctio sint aspernatur eos laboriosam.
Recusandae sapiente ratione odit ullam odit.",33779.84,,,,Hansh Ramakrishnan,"Nemo quibusdam natus. Voluptatibus mollitia possimus eum cum.
Asperiores magni hic nemo autem dolores dolores. Quod repellendus porro nihil aliquid provident architecto.",Under Investigation,,Yes,None,Yes,,"Odio maxime sed labore. Fugit similique ullam ducimus iusto.
Fugit delectus quia labore culpa molestias. Aliquam nisi ab maiores expedita quam.",Approved,,Voluptate eaque fuga a explicabo quisquam voluptatem. Inventore ipsum alias architecto facere vel.
5143,Jiya Kala,"183, Mani Chowk, Bardhaman-051636",+917389634749,bobalishita@example.com,97501,Health,Zain Suri,+917556787211,1982-05-08,Bidar,"Quas culpa reprehenderit cum dolor. Sit quis iusto veniam quo natus possimus doloribus.
Similique incidunt delectus eaque quas. Repellat corrupti a quibusdam.",25515.08,,Optio modi ad consequuntur occaecati laboriosam unde. Dolore iure nemo doloribus nulla eligendi libero architecto. Enim distinctio quas voluptates molestiae provident doloremque.,http://www.sheth.com/,Badal Gala,Voluptatem similique esse accusamus maiores saepe quam. Adipisci voluptatibus aliquid vel neque.,Under Investigation,11362.43,No,2,No,Yes,Aut provident expedita labore saepe corporis iure. Quae in voluptas aperiam expedita.,Approved,,Non voluptates accusamus necessitatibus distinctio reprehenderit assumenda. Facere laudantium aperiam eaque voluptas optio modi enim.
9612,Kashvi Sehgal,"09/588, Basak Marg, Phagwara-806602",3513120702,gsarna@example.net,81796,Auto,Tarini Shankar,6342529435,1989-05-04,Vijayawada,"Fugiat sit explicabo. Perspiciatis recusandae eaque eos.
Rem quos quia quis. Excepturi consequuntur earum inventore ipsum. Unde beatae maiores enim repellendus iusto.",19998.64,7302,,,Ryan Sen,Voluptatem eaque asperiores magnam eligendi maiores. Accusamus natus alias est aut sint.,Under Investigation,,No,1,No,No,,Denied,Fraud Detected,Perferendis nostrum in rem. Ad excepturi aspernatur officiis veritatis libero. Esse perspiciatis suscipit.
1484,Vardaniya Keer,"H.No. 265, Dass Path, Kishanganj 829336",966638007,hanshdevi@example.com,17528,Auto,Nehmat Madan,+910185597525,1995-09-05,Malegaon,Necessitatibus blanditiis quia commodi veritatis a. Animi blanditiis tempora culpa alias aperiam aspernatur.,27739.77,2766,"Vitae amet rem perspiciatis corrupti. Totam fuga nulla aspernatur assumenda. Magni quo dolorem fuga.
Corrupti ipsum ullam alias dignissimos expedita. Assumenda aliquam et.",http://anne.com/,Kiara Korpal,Autem quia quidem voluptatibus placeat tenetur a. Eum accusantium praesentium vel consectetur unde.,Denied,,Yes,3 or more,Yes,No,,Denied,No Fraud Detected,"Nisi aut blanditiis earum pariatur consequatur error illum. Rerum nostrum possimus omnis odit.
Ab repellat officia architecto iste. Ex eos nihil minus."
6049,Hridaan Halder,"81/48, Agrawal Zila, Amroha-480680",8590047046,vkrishnan@example.com,39222,Home,Lavanya Koshy,+916261860575,1983-02-21,Aizawl,Nisi iure molestias incidunt doloremque neque. Voluptatum sint quae ratione. Ut quia officiis.,31023.08,,Maiores laboriosam reprehenderit unde nam quos minima ullam. Repudiandae cupiditate ab libero tempora quam. Eos cupiditate sit perferendis commodi quae.,http://chaudhary-chaudhary.com/,Tanya Lad,Debitis laudantium vero quisquam. Velit exercitationem exercitationem possimus ex. Cumque molestiae eos quibusdam modi. In quaerat tenetur odio inventore sit quo.,Denied,,,3 or more,,,,Denied,,"Consequuntur atque atque eaque aut. Perferendis quas nostrum. Velit temporibus incidunt optio voluptatibus minima est ab.
Quidem architecto voluptas dicta omnis."
1625,Umang Sanghvi,"803, Warrior Nagar, Thiruvananthapuram-967430",2871184765,adah63@example.net,67394,Health,Charvi Basak,+916411467794,1983-08-03,Suryapet,"Quae eum enim nulla exercitationem suscipit veritatis. Consequatur odio corporis officiis.
Quaerat aliquid doloribus doloribus iure enim. Voluptate ratione recusandae accusamus quasi sint odio.",27960.77,,,https://edwin.com/,Tara Lal,"Modi dolor quam atque explicabo odit nemo.
Vero ducimus voluptate pariatur reprehenderit illum cumque. Iusto blanditiis sit ullam necessitatibus aliquam natus. Debitis neque atque odit sunt.",Under Investigation,,,None,No,No,,Approved,Fraud Detected,Cumque veritatis provident provident maxime voluptas ducimus. Fuga perferendis commodi nostrum. Similique esse magni facere sunt consectetur temporibus.
8658,Trisha Gole,"H.No. 732, Arya Road, Ramagundam-016704",5893585316,trisha56@example.org,81554,Auto,Diya Lala,4219570911,1996-10-01,Bahraich,"Itaque architecto tenetur veniam. Saepe blanditiis expedita culpa unde. Sit sunt sit expedita ut distinctio.
Laboriosam tempora rerum.
Aspernatur dolorem fugit eaque distinctio.",30174.57,,,https://www.shankar.com/,Jivika Bir,"Optio autem dolore tempore voluptatem mollitia totam placeat. Quidem nemo vitae fugiat.
Laudantium veniam sunt expedita asperiores. Voluptas expedita aliquid tenetur veniam minima maxime.",Approved,,Yes,None,No,,,Approved,Fraud Detected,Deserunt ea non omnis dolorum. Repellendus tempora repudiandae qui dicta possimus consequuntur. Distinctio ab possimus inventore provident.
1098,Anahita Bhat,"873, Vala Nagar, Bhiwani 747956",+914617774718,madhavvig@example.net,77070,Auto,Khushi Thakkar,9645851327,1993-08-20,Dehri,"Mollitia ab officiis optio dolorem ea nemo. Distinctio molestias unde temporibus id maiores.
Quasi et fuga in veritatis.",28703.75,,"Soluta ad est minima possimus. Aspernatur corrupti maiores consequuntur nobis. Laboriosam consequuntur autem vero magni veniam.
Nemo optio fugit voluptatum. Neque nostrum fuga veritatis.",http://www.char.info/,Manjari Mangal,Iusto autem molestias dolor dolores numquam maiores. Nisi iste magnam dicta quos nisi deleniti ipsum. Quibusdam maxime excepturi accusamus tempore beatae. Ipsa non dicta minima eum ducimus odit.,Denied,34962.97,,3 or more,Yes,,,Denied,No Fraud Detected,"Deserunt nobis impedit consequatur nostrum. Fugit nulla molestias nostrum harum aliquid.
Libero eligendi voluptate unde. Suscipit nostrum molestiae."
4193,Jivika Issac,"78/45, Edwin Circle, Buxar 748953",2962349826,saxenashlok@example.org,45128,Home,Purab Sheth,+918993118849,2005-07-08,Ulhasnagar,Dolor rerum distinctio animi blanditiis deleniti. Velit ex sapiente laborum earum perspiciatis amet nulla. Dolores incidunt error molestiae deserunt illum necessitatibus.,19131.53,,Dolorem quas dignissimos eaque earum amet. Natus officia adipisci excepturi ratione vero.,,Mannat Saini,"Ea consectetur voluptate. Aperiam ad iste. Quidem necessitatibus nisi corporis quaerat dolore.
Facilis quidem mollitia itaque fuga sit modi.
Facere beatae accusamus eius non qui omnis.",Approved,39612.64,Yes,None,No,No,,Under Review,Fraud Detected,Modi accusamus doloremque quibusdam ea illo. Tempore velit tenetur fuga. Nulla labore natus exercitationem libero quo facilis. Illum laborum a at.
5258,Ishita Sawhney,"82, Vala Marg, Tiruchirappalli-112430",8694602254,navyaagrawal@example.org,31827,Auto,Badal Sridhar,2453187303,1995-08-21,Nanded,Sapiente incidunt eos itaque nam eveniet. Doloribus laboriosam reprehenderit. Provident neque sit tempore veritatis dolorem.,48983.07,1872,"Perferendis nihil consequuntur repudiandae quia voluptatibus soluta. Itaque alias optio facere quas.
Laudantium eveniet totam animi. Expedita quas neque alias.",,Dishani Balasubramanian,Maiores blanditiis est placeat. Deserunt rem reiciendis temporibus voluptate asperiores.,Under Investigation,20629.32,Yes,None,No,,Soluta nulla libero voluptas. Impedit ullam libero numquam soluta harum. Iure dicta fugiat consequuntur.,Denied,No Fraud Detected,"Ea nulla aspernatur recusandae accusantium. Iure sunt alias assumenda.
Rerum eius aspernatur exercitationem iure. Dignissimos voluptatum voluptates suscipit sit."
1689,Zara Kala,"94/169, Joshi Road, Kumbakonam 459318",+914244951139,abhavsar@example.net,75416,Home,Mamooty Sule,1924554621,1967-12-14,Bhind,"Facere quae cumque doloremque libero. Placeat quia tempore natus atque. Doloribus harum reiciendis inventore.
Sapiente dicta nisi quia alias.",45327.22,8808,Soluta tenetur eius sequi id unde id. Accusamus voluptas culpa ea nobis illo cum.,https://www.varghese-ratta.com/,Kimaya Samra,Hic ipsa reprehenderit possimus vel vel aliquam. Labore modi dicta animi qui. Natus aspernatur facere atque amet. Expedita iusto veritatis et in.,Denied,,,3 or more,Yes,,"Aperiam ipsum commodi. Laborum fuga impedit tempora atque.
Quae adipisci quos eaque aspernatur illo.",Under Review,Fraud Detected,Dignissimos vitae harum expedita doloribus consectetur. Fugit dolor fugit consequatur unde aut cupiditate rerum.
9803,Shayak Tailor,"66/10, Goel Nagar, Proddatur 834555",+918451611092,krishnaamani@example.com,19235,Health,Raghav Krish,+919820887722,1963-05-11,Rajpur Sonarpur,Quisquam laudantium suscipit fugit corporis deserunt in. Earum alias aspernatur sit neque corrupti aliquam.,20933.09,,,https://butala-balakrishnan.com/,Dharmajan Virk,"Neque accusantium sed iure minima consequatur ea. Sint ducimus excepturi odit animi ullam.
Quidem temporibus laborum a totam eveniet expedita. Velit adipisci quod ullam rem fugit.",Denied,,No,3 or more,No,Yes,"Quis possimus nobis quidem. Commodi porro molestiae cum.
Nobis suscipit dolorem porro tempore quis. Itaque necessitatibus minima. Quod ab quaerat exercitationem.",Under Review,,Animi quaerat sapiente sit tempore voluptas corporis quas. Nobis enim esse praesentium in. Temporibus deleniti totam quo inventore eos laudantium laboriosam.
6889,Adah Borra,"H.No. 362, Ganguly Zila, Raurkela Industrial Township-135194",333337104,amira58@example.net,11209,Home,Advika Chowdhury,+913611287498,1995-11-06,Shimoga,"Ea explicabo velit quos sint. Minima molestias minima ducimus ullam.
Eum provident officia repudiandae ullam.",1935.66,,"Illo ab recusandae atque delectus. At repudiandae nostrum officiis nam facere accusantium quas.
Optio culpa doloribus. Rerum iste molestiae illum aliquid quia voluptas.",https://butala.com/,Uthkarsh Bakshi,Dolorum numquam harum repellendus doloribus minus. Dicta minus qui provident. A asperiores ipsum debitis officia dolorum temporibus facilis.,Approved,2037.98,Yes,2,Yes,No,,Denied,Fraud Detected,Dolor maxime odio sit dolorum architecto tempore ab. Corporis dolore non illo iure velit.
1385,Vardaniya Kale,"61, Sawhney Street, Danapur 826266",+915392862040,raupihu@example.org,44853,Auto,Arnav Kuruvilla,6035458608,1974-01-01,Ambarnath,"Quasi consequatur ipsa libero eius. Praesentium distinctio cupiditate expedita veniam. Veniam harum neque nam a.
Suscipit delectus veniam dolore. Nobis eligendi assumenda maxime atque illum modi non.",18432.86,,Modi recusandae expedita sint totam tempore sit. Expedita similique officia esse labore rerum. Eaque velit aut minus.,,Hrishita Gulati,"Nobis laudantium tenetur debitis beatae enim. Earum ducimus fugiat atque doloremque architecto.
Quidem nostrum enim sint. Beatae quisquam amet explicabo voluptates.",Under Investigation,,Yes,None,No,Yes,,Under Review,No Fraud Detected,Sint dolores aliquam nobis. Odit repellendus repellendus. Rerum natus neque aperiam sit recusandae consectetur.
5665,Armaan Chauhan,"H.No. 939, Mammen Zila, Asansol 374446",5161043334,emirbose@example.org,42652,Health,Miraan Ravel,736850896,1999-05-10,Saharanpur,Minus sunt veritatis natus. Mollitia iusto recusandae repudiandae. Incidunt soluta cumque inventore.,10003.84,7212,Qui numquam iusto iusto consequatur eum hic. Quisquam dicta quisquam voluptatem autem tempora.,,Samiha Sharaf,Nulla sequi perspiciatis. Consequuntur maxime voluptas explicabo iste quibusdam quis.,Denied,6919.36,Yes,None,Yes,No,,Denied,No Fraud Detected,Totam repellendus voluptates qui aliquam id. Quis numquam sapiente dolorum nemo quos autem.
2174,Gokul Soni,"524, Raju Circle, Navi Mumbai 013651",+913475441712,wravi@example.org,11969,Home,Nehmat Venkataraman,+916672323018,1961-12-19,Pondicherry,Odio sunt maiores sit. Architecto numquam exercitationem quia repudiandae sunt autem itaque. Cum quos repudiandae quos fuga optio maiores nostrum.,48024.24,8374,,,Kiara Saran,Ullam debitis eum laboriosam. Reiciendis odio nemo nulla dolores.,Denied,,,2,,,"Praesentium velit doloremque. Autem repellendus voluptatum omnis laboriosam voluptatem.
Adipisci quos voluptatibus quae incidunt voluptatum. Quidem commodi possimus reprehenderit soluta.",Under Review,Fraud Detected,"Nihil eos eaque et eius magnam necessitatibus numquam. Aperiam consequuntur qui quis.
Eius reiciendis voluptate repellendus. Consectetur quis explicabo ex similique."
1553,Aarush Dara,"H.No. 38, Shroff Zila, Bhatpara 896701",5319679871,ladryan@example.net,45503,Auto,Kavya De,312809978,1969-01-06,Bhind,Sunt eligendi sed voluptatem dolorum velit et. Nostrum dolore facere laborum laborum totam illo. Asperiores veritatis culpa sit eligendi nihil asperiores.,43753.5,2927,,http://www.banerjee.org/,Vritika Lanka,Molestiae dolor nesciunt quisquam quos ipsam. Nihil ut numquam quasi.,Approved,,No,None,Yes,,Tempora incidunt provident tempora natus. Beatae nostrum laborum aspernatur.,Under Review,,"Tenetur occaecati excepturi dolorem autem facilis eveniet. Voluptatum quidem quam ea.
Reprehenderit culpa nulla eum magni pariatur. Dignissimos nobis nam veritatis sit quas pariatur."
1587,Urvi Sami,"569, Dugar Zila, Bellary 820236",+917126924660,anika77@example.com,43790,Auto,Trisha Bahl,372847617,1983-01-18,Aligarh,"Eos magni officiis facilis quia. Non explicabo suscipit.
Impedit unde esse consequuntur. Aliquid sed sint placeat voluptatum.",40905.48,,,,Vihaan Wagle,Voluptates quibusdam iste. Quas iste unde adipisci commodi. Possimus unde necessitatibus quos consequuntur. Dolorem temporibus doloribus alias.,Approved,12318.96,No,2,No,No,,Denied,No Fraud Detected,"Consequatur fugit eligendi omnis aliquam aliquam voluptas.
Repellendus voluptatem laudantium eos dolores nostrum. Impedit excepturi voluptate aperiam."
2680,Parinaaz Baria,"84/452, Sura Zila, Kakinada 192944",+918390708107,jivikarau@example.net,68049,Health,Advik Karpe,7256994223,2004-05-19,Guntakal,"Modi nam veritatis.
Dignissimos sint debitis libero. Nulla numquam vero recusandae sint exercitationem quas eligendi. Repudiandae ut repudiandae commodi.",7855.93,3451,Commodi maiores voluptas quibusdam. Maiores id temporibus doloribus odio sequi amet. Perspiciatis odit exercitationem reprehenderit.,https://www.solanki.org/,Rati Kunda,Minima officia praesentium eaque. Harum ab occaecati adipisci perspiciatis ullam.,Denied,,No,1,,Yes,Ex dignissimos recusandae tempora tempore nesciunt. Aliquam possimus adipisci eum.,Approved,,Sint inventore ipsam quasi. Placeat ipsum fugit quos sed mollitia harum iure. Eos rem dolore ab laudantium magni reprehenderit.
3354,Heer Ravi,"63/448, Doshi, Mira-Bhayandar 530269",107253105,rausahil@example.net,58652,Health,Aarush Bala,+912200491407,1969-02-14,Hubli–Dharwad,Cum cupiditate ea voluptatem ipsum dolor nemo rerum. Recusandae voluptatum sed ad accusamus.,20028.01,,,http://www.vasa.biz/,Aarav Tank,"Repellat quae excepturi officia. Sequi veniam fugit nostrum enim delectus.
Quam nostrum placeat doloremque excepturi in voluptate vel. Voluptate odit sint quisquam optio.",Approved,26390.28,Yes,2,No,No,Voluptatum debitis animi. Et similique voluptatibus consectetur possimus. Commodi minus quidem ullam veniam modi laborum.,Under Review,Fraud Detected,Expedita eos atque dicta dicta. Iure nostrum laborum eveniet ipsam repellendus consequatur magni. Possimus quidem nostrum nam ab atque fugiat inventore.
9893,Nayantara Lata,"80/75, Zacharia, Sasaram-667209",+918384118429,varghesetiya@example.net,18900,Health,Anaya Rastogi,6549909203,1979-05-05,Tezpur,Magni quam fuga. Quam nihil praesentium nesciunt eaque hic facilis officiis. Enim fugiat nisi distinctio rem dolorum.,23384.79,,Asperiores dolorum quod tempora fuga nemo voluptatem. Magni molestiae officiis deserunt. Illo libero eligendi mollitia aspernatur totam iusto.,,Taimur Barman,"Aspernatur nemo quidem praesentium. In est libero quod fugit.
Molestiae optio maiores illo molestias ad. Totam facere dolore suscipit consectetur. Rerum sunt officia molestiae mollitia.",Denied,33087.55,,3 or more,No,Yes,Quod voluptatem ab accusamus. Perferendis corporis sint sequi quia itaque esse. Molestiae eveniet provident error.,Denied,,Neque itaque debitis in dolores. Ipsa ipsam autem odit repudiandae.
9838,Tejas Koshy,"31, Sarin Path, Ghaziabad-928858",9398973756,boramyra@example.net,63944,Health,Hiran Biswas,1555501713,1996-11-26,Pudukkottai,"Ratione reiciendis eum voluptate. Esse reprehenderit et a non.
Dolorem a inventore alias. Praesentium suscipit explicabo doloribus minus rerum ipsa.",43451.08,8203,Nostrum a nisi error. Ab nihil est impedit repellendus. Maiores reiciendis corporis voluptatem vel incidunt tempore qui.,,Himmat Gandhi,Nesciunt commodi laborum autem beatae vitae ex dicta. Odio provident iusto sit. Aspernatur ipsum ex culpa dignissimos.,Denied,,Yes,None,No,No,"Ipsum fugiat nisi perspiciatis impedit. Reprehenderit repellat quis adipisci molestias. Quia voluptatibus nihil.
Iste quo quis dolore.",Denied,Fraud Detected,Odio occaecati corrupti earum consequatur veniam atque dolorem. Animi dolor enim odio consectetur quaerat.
4446,Aarush Sachdev,"843, Walla Road, Bally 156591",5405553417,swamypiya@example.net,65194,Home,Tejas Dayal,+917313969712,2000-10-05,Kolkata,Pariatur eaque doloribus quos ea. Illum autem quae ipsum laudantium vitae reprehenderit. Accusamus repellat velit dignissimos. Iusto nulla laboriosam sint.,40843.05,7055,,,Rhea Baral,Assumenda tempora placeat fugit. Velit libero a facilis reprehenderit nam delectus. Ut nesciunt quos exercitationem nisi illum.,Denied,,No,3 or more,Yes,Yes,"Quam unde modi ducimus cupiditate.
Numquam ipsa veritatis necessitatibus fuga perspiciatis excepturi. Id non nobis officiis.",Under Review,Fraud Detected,Similique impedit nihil explicabo quasi. Cupiditate quia exercitationem tenetur est dolorum. Adipisci doloribus ex distinctio.
1002,Ivan Joshi,"27/35, Dhillon Circle, Surendranagar Dudhrej-704826",+919694214868,tejas21@example.org,62677,Health,Divit Ganguly,+910994020316,1970-06-16,Udaipur,Libero itaque modi cupiditate. Quaerat minus perspiciatis nulla atque. Vel dolor esse ea sed.,48257.75,8433,,,Nirvaan Chowdhury,Consequuntur autem esse sapiente. Quas mollitia magni natus rem suscipit. Quidem harum nesciunt quidem itaque officia.,Approved,6181.82,No,1,Yes,,,Approved,No Fraud Detected,Modi recusandae doloribus dolores tempore placeat nihil. Quo et ducimus perferendis quod veniam cupiditate. Minus eius repellendus magni libero quibusdam.
3040,Anaya Mallick,"89/03, Aurora Ganj, Aurangabad-660293",5415279344,akunda@example.net,37327,Health,Vivaan Jain,2629093899,1974-12-19,Bihar Sharif,Quo est enim earum nesciunt soluta repellendus. Enim quod repellendus. Consectetur exercitationem atque ea doloremque at hic.,15654.6,,,,Ela Gandhi,"Rem ipsam nisi tenetur dolores quas. Eos animi illum eius consectetur distinctio sed.
Repellendus est sed odit distinctio ab labore deleniti. Animi reiciendis voluptas tenetur necessitatibus.",Approved,23771.31,No,2,Yes,Yes,"Repudiandae delectus at. Vel vitae dolor debitis beatae magnam. Nisi a libero mollitia quos ab nisi.
Praesentium cumque quam earum modi repudiandae. Facere commodi eos inventore alias incidunt culpa.",Approved,No Fraud Detected,"Accusamus culpa ipsa rerum iste. Perferendis natus repellat recusandae voluptatum. Numquam alias illo veritatis vel dicta.
Quam minima fuga natus deleniti corrupti."
5107,Pihu Deshmukh,"45/24, Lal, Burhanpur-510672",4440747159,tthaman@example.net,21740,Health,Farhan Goda,+911108455027,1980-12-26,Pali,Nesciunt impedit dolore fuga tenetur. Recusandae inventore impedit assumenda nam esse commodi. Ducimus nostrum illo impedit in. Ex ab eveniet pariatur ratione.,21254.01,5959,,,Rania Bahl,Expedita vitae excepturi ut vel. Amet necessitatibus dolor ea ratione itaque. Doloribus optio nemo accusamus autem.,Under Investigation,30622.84,No,2,,No,,Approved,,Minus dolorem earum error facilis nostrum. Numquam expedita exercitationem libero. Et sequi distinctio ea dolor.
9121,Shanaya Chandra,"74/78, Kamdar Zila, Surat 860053",6976988018,mohanlalzacharia@example.net,71955,Auto,Vanya Shah,+913281467771,1966-10-10,Pudukkottai,Quibusdam consequuntur quod ipsum ratione doloribus neque. Aliquam nisi at excepturi.,22338,3173,Tempora eum quo voluptas error repudiandae. Unde ipsam veritatis numquam magnam provident. Non quae placeat aliquid perspiciatis.,,Romil Bahri,Tenetur nemo sapiente atque expedita corporis voluptatum. Earum aliquid reprehenderit voluptatibus. Earum temporibus suscipit voluptate facilis consequuntur dolor.,Approved,28055.85,Yes,3 or more,,Yes,,Approved,No Fraud Detected,Soluta laborum repudiandae quidem beatae esse. Tempora adipisci commodi voluptates quos. Molestiae ea totam ipsum nam quibusdam repudiandae deleniti.
2124,Samarth Sarna,"939, Chandra Nagar, Udaipur-778923",1548800675,aainasule@example.org,99455,Home,Diya Ranganathan,878731624,1992-11-13,Shivpuri,Commodi velit dolorem. Totam quo perspiciatis similique culpa omnis nesciunt. Ratione dicta ex repellendus vero.,21898.18,2221,"Odio dignissimos totam. Veritatis est expedita nostrum.
Magnam voluptatum officiis atque repellendus earum. Nam odit molestiae perspiciatis molestiae doloremque.",,Alisha Gupta,Laborum rem tempore. Reprehenderit aut similique rerum quasi temporibus nesciunt perspiciatis. Culpa tempore rem porro.,Under Investigation,46243.75,Yes,None,,Yes,Odit possimus esse neque molestiae. Quasi laborum dolor sequi iusto minima quo. Minus asperiores blanditiis facere quas.,Under Review,,"Molestiae blanditiis adipisci aspernatur labore. Mollitia quasi veniam minima error quos. Rem earum qui cumque distinctio.
Quas ea cumque neque ab. Occaecati modi eos nam animi."
6193,Badal Thaman,"74/076, Buch Road, Visakhapatnam 707361",8689824417,zarabalakrishnan@example.net,82780,Auto,Nayantara Bhalla,7757807360,1979-10-27,Dehri,Praesentium fugit nihil commodi magni tempore provident nulla. Laudantium cupiditate error temporibus deserunt.,49433.97,4604,"Repudiandae quas dolore consequuntur dicta quo totam. Perferendis molestias nam ex ipsa voluptas.
Fugiat aliquid cum. Facilis in provident hic dolor. Quo amet dicta quisquam.",http://sastry.org/,Akarsh Lad,"Enim esse tenetur id. At perspiciatis expedita sequi numquam dignissimos minus molestias. Cum fugiat commodi voluptatibus facilis quidem.
Amet dicta voluptas necessitatibus minus eaque.",Denied,,,None,,,,Denied,No Fraud Detected,Reprehenderit magnam consectetur rem voluptates. Ducimus amet iure enim fuga. Officia veritatis nihil nesciunt.
3851,Mishti Vaidya,"H.No. 50, Bhatt Chowk, Ambala-789822",+910483003872,shaan92@example.com,38387,Health,Badal Soman,+918940047214,1975-03-20,Udupi,Autem et vero reiciendis laborum. Sunt in vitae eveniet error quam est. Adipisci iusto quidem eveniet vero doloribus.,35768.85,2916,"Magnam autem tenetur beatae quos deserunt saepe officiis.
Eveniet dignissimos sed numquam. Eligendi eius iure eaque vero. Ab placeat necessitatibus inventore.",http://das.net/,Neysa Dhar,Inventore cupiditate cum saepe ea. Rerum tempore ipsum soluta. Cupiditate aperiam ullam adipisci itaque neque. Consequatur eaque praesentium pariatur corrupti voluptatibus.,Under Investigation,30279.95,,2,Yes,,"Sed consectetur fugiat dignissimos. Perferendis dicta deleniti necessitatibus ullam blanditiis placeat ad.
Quaerat commodi necessitatibus atque. Quibusdam ratione dicta commodi labore.",Approved,,"Molestias ut enim suscipit.
Sapiente rem accusamus quas vitae. Vitae labore delectus tenetur tenetur nam maxime. Tempore molestias ea mollitia magnam."